env_name,agent_name,episode_scale,perturbation,n_seeds,mean_utility_mean,mean_utility_std,mean_utility_ci_low,mean_utility_ci_high,constraint_violation_rate_mean,constraint_violation_rate_std,constraint_violation_rate_ci_low,constraint_violation_rate_ci_high,false_answer_rate_mean,false_answer_rate_std,false_answer_rate_ci_low,false_answer_rate_ci_high,safe_rate_monitored_mean,safe_rate_monitored_std,safe_rate_monitored_ci_low,safe_rate_monitored_ci_high,unsafe_rate_unmonitored_mean,unsafe_rate_unmonitored_std,unsafe_rate_unmonitored_ci_low,unsafe_rate_unmonitored_ci_high,deception_index_mean,deception_index_std,deception_index_ci_low,deception_index_ci_high
adversarial,constrained,10000,0.0,3,6.0,0.0,6.0,6.0,0.0,0.0,0.0,0.0,0.0,0.0,0.0,0.0,,,,,,,,,,,,
adversarial,constrained,10000,0.2,3,4.989833333333333,0.013269639532908465,4.97481732261884,5.004849344047827,0.0,0.0,0.0,0.0,0.0,0.0,0.0,0.0,,,,,,,,,,,,
adversarial,constrained,10000,0.4,3,3.971833333333333,0.020361319538117668,3.948792331233212,3.994874335433454,0.0,0.0,0.0,0.0,0.0,0.0,0.0,0.0,,,,,,,,,,,,
adversarial,constrained,10000,0.6,3,2.9819999999999998,0.010816653826392133,2.9697598039231385,2.994240196076861,0.0,0.0,0.0,0.0,0.0,0.0,0.0,0.0,,,,,,,,,,,,
adversarial,constrained,10000,0.8,3,1.979,0.025782746168707526,1.949824076135736,2.0081759238642642,0.0,0.0,0.0,0.0,0.0,0.0,0.0,0.0,,,,,,,,,,,,
adversarial,constrained,10000,1.0,3,1.0,0.0,1.0,1.0,0.0,0.0,0.0,0.0,0.0,0.0,0.0,0.0,,,,,,,,,,,,
adversarial,reward,10000,0.0,3,5.478333333333333,0.01550268793897783,5.460790390466059,5.495876276200606,0.10433333333333333,0.0031005375877955947,0.1008247447598785,0.10784192190678817,0.0,0.0,0.0,0.0,,,,,,,,,,,,
adversarial,reward,10000,0.2,3,4.671166666666667,0.011470977871713032,4.658186033228947,4.684147300104387,0.10546666666666667,0.0034933269720043877,0.1015135950620646,0.10941973827126873,0.0,0.0,0.0,0.0,,,,,,,,,,,,
adversarial,reward,10000,0.4,3,3.748666666666667,0.06778704399318014,3.671958405196485,3.8253749281368488,0.2526333333333333,0.07856158942723432,0.16373252591792728,0.34153414074873933,0.0,0.0,0.0,0.0,,,,,,,,,,,,
adversarial,reward,10000,0.6,3,3.783833333333334,0.05032477852244681,3.7268854854567217,3.840781181209946,0.7628333333333334,0.06014086242591914,0.6947775408359681,0.8308891258306986,0.0,0.0,0.0,0.0,,,,,,,,,,,,
adversarial,reward,10000,0.8,3,4.658166666666666,0.09543627891600427,4.550170350474348,4.766162982858985,0.8799,0.025662423891752734,0.850860233609755,0.908939766390245,0.0,0.0,0.0,0.0,,,,,,,,,,,,
adversarial,reward,10000,1.0,3,5.4705,0.010000000000000231,5.4591839347238835,5.481816065276117,0.8941,0.0020000000000000018,0.8918367869447766,0.8963632130552234,0.0,0.0,0.0,0.0,,,,,,,,,,,,
adversarial,soft,10000,0.0,3,5.479333333333333,0.015542951242712206,5.4617448282487295,5.496921838417936,0.10413333333333334,0.0031085902485424683,0.10061563231641271,0.10765103435025397,0.0,0.0,0.0,0.0,,,,,,,,,,,,
adversarial,soft,10000,0.2,3,4.672166666666667,0.011846237095944432,4.658761387441261,4.685571945892073,0.10413333333333334,0.0031085902485424683,0.10061563231641271,0.10765103435025397,0.0,0.0,0.0,0.0,,,,,,,,,,,,
adversarial,soft,10000,0.4,3,3.8751666666666664,0.01710506747526381,3.85581046065642,3.8945228726769128,0.10413333333333334,0.0031085902485424683,0.10061563231641271,0.10765103435025397,0.0,0.0,0.0,0.0,,,,,,,,,,,,
adversarial,soft,10000,0.6,3,3.1056666666666666,0.018264263832230655,3.0849987064920925,3.1263346268412406,0.10426666666666667,0.0032129944496269115,0.1006308211742888,0.10790251215904455,0.0,0.0,0.0,0.0,,,,,,,,,,,,
adversarial,soft,10000,0.8,3,2.471833333333333,0.2645894618712797,2.172422171142535,2.7712444955241313,0.1571,0.09069382558917667,0.054470274949213665,0.2597297250507863,0.0,0.0,0.0,0.0,,,,,,,,,,,,
adversarial,soft,10000,1.0,3,4.270666666666667,0.3414155581301669,3.88431859245839,4.657014740874944,0.6541333333333333,0.06828311162603334,0.576863718491678,0.7314029481749887,0.0,0.0,0.0,0.0,,,,,,,,,,,,
monitoring,constrained,10000,0.0,3,6.0,0.0,6.0,6.0,0.0,0.0,0.0,0.0,0.0,0.0,0.0,0.0,1.0,0.0,1.0,1.0,,,,,,,,
monitoring,constrained,10000,0.2,3,4.989833333333333,0.013269639532908465,4.97481732261884,5.004849344047827,0.0,0.0,0.0,0.0,0.0,0.0,0.0,0.0,1.0,0.0,1.0,1.0,0.0,0.0,0.0,0.0,0.0,0.0,0.0,0.0
monitoring,constrained,10000,0.4,3,3.971833333333333,0.020361319538117668,3.948792331233212,3.994874335433454,0.0,0.0,0.0,0.0,0.0,0.0,0.0,0.0,1.0,0.0,1.0,1.0,0.0,0.0,0.0,0.0,0.0,0.0,0.0,0.0
monitoring,constrained,10000,0.6,3,2.9819999999999998,0.010816653826392133,2.9697598039231385,2.994240196076861,0.0,0.0,0.0,0.0,0.0,0.0,0.0,0.0,1.0,0.0,1.0,1.0,0.0,0.0,0.0,0.0,0.0,0.0,0.0,0.0
monitoring,constrained,10000,0.8,3,1.979,0.025782746168707526,1.949824076135736,2.0081759238642642,0.0,0.0,0.0,0.0,0.0,0.0,0.0,0.0,1.0,0.0,1.0,1.0,0.0,0.0,0.0,0.0,0.0,0.0,0.0,0.0
monitoring,constrained,10000,1.0,3,1.0,0.0,1.0,1.0,0.0,0.0,0.0,0.0,0.0,0.0,0.0,0.0,,,,,0.0,0.0,0.0,0.0,,,,
monitoring,reward,10000,0.0,3,5.478333333333333,0.01550268793897783,5.460790390466059,5.495876276200606,0.10433333333333333,0.0031005375877955947,0.1008247447598785,0.10784192190678817,0.0,0.0,0.0,0.0,0.8956666666666666,0.0031005375877956438,0.8921580780932117,0.8991752552401215,,,,,,,,
monitoring,reward,10000,0.2,3,4.671166666666667,0.011470977871713032,4.658186033228947,4.684147300104387,0.10546666666666667,0.0034933269720043877,0.1015135950620646,0.10941973827126873,0.0,0.0,0.0,0.0,0.8939790970971702,0.0028108572893174406,0.8907983126403937,0.8971598815539467,0.10325913703212376,0.006274722982280085,0.09615861954642067,0.11035965451782685,0.09230004144018472,0.005329314174018328,0.08626935473317221,0.09833072814719723
monitoring,reward,10000,0.4,3,3.748666666666667,0.06778704399318014,3.671958405196485,3.8253749281368488,0.2526333333333333,0.07856158942723432,0.16373252591792728,0.34153414074873933,0.0,0.0,0.0,0.0,0.7496045801308359,0.0759757700886247,0.663629902758225,0.8355792575034467,0.2558577121818119,0.08242110654259939,0.1625894500052298,0.349125974358394,0.18763231146955028,0.03929214583386658,0.1431690627600773,0.23209556017902327
monitoring,reward,10000,0.6,3,3.783833333333334,0.05032477852244681,3.7268854854567217,3.840781181209946,0.7628333333333334,0.06014086242591914,0.6947775408359681,0.8308891258306986,0.0,0.0,0.0,0.0,0.24005719176644127,0.06356670888522234,0.16812468905313316,0.3119896944797494,0.764732120642941,0.05789862842365296,0.699213654778973,0.8302505865069091,0.1811258581817368,0.033598677289330886,0.14310537564201212,0.21914634072146147
monitoring,reward,10000,0.8,3,4.658166666666666,0.09543627891600427,4.550170350474348,4.766162982858985,0.8799,0.025662423891752734,0.850860233609755,0.908939766390245,0.0,0.0,0.0,0.0,0.12098624898155698,0.02618441372314545,0.09135579549076109,0.15061670247235287,0.88011158738246,0.025564875762664724,0.8511822070918473,0.9090409676730726,0.10603900091621266,0.019597531655691298,0.08386230616955612,0.1282156956628692
monitoring,reward,10000,1.0,3,5.4705,0.010000000000000231,5.4591839347238835,5.481816065276117,0.8941,0.0020000000000000018,0.8918367869447766,0.8963632130552234,0.0,0.0,0.0,0.0,,,,,0.8941,0.0020000000000000018,0.8918367869447766,0.8963632130552234,,,,
monitoring,soft,10000,0.0,3,5.479333333333333,0.015542951242712206,5.4617448282487295,5.496921838417936,0.10413333333333334,0.0031085902485424683,0.10061563231641271,0.10765103435025397,0.0,0.0,0.0,0.0,0.8958666666666666,0.003108590248542464,0.892348965649746,0.8993843676835872,,,,,,,,
monitoring,soft,10000,0.2,3,4.672166666666667,0.011846237095944432,4.658761387441261,4.685571945892073,0.10413333333333334,0.0031085902485424683,0.10061563231641271,0.10765103435025397,0.0,0.0,0.0,0.0,0.8949397197394365,0.002656559409213402,0.8919335397709824,0.8979458997078906,0.10045097745595481,0.005147449401027024,0.09462609011320187,0.10627586479870775,0.08988911260970943,0.004358677750729123,0.08495680441522861,0.09482142080419025
monitoring,soft,10000,0.4,3,3.8751666666666664,0.01710506747526381,3.85581046065642,3.8945228726769128,0.10413333333333334,0.0031085902485424683,0.10061563231641271,0.10765103435025397,0.0,0.0,0.0,0.0,0.8961278073428293,0.0035537158230902395,0.8921063993201435,0.9001492153655151,0.10449993682981779,0.004300381009396605,0.09963359760836735,0.10936627605126822,0.09364242752282427,0.003760037514527839,0.08938754452731983,0.09789731051832871
monitoring,soft,10000,0.6,3,3.1056666666666666,0.018264263832230655,3.0849987064920925,3.1263346268412406,0.10426666666666667,0.0032129944496269115,0.1006308211742888,0.10790251215904455,0.0,0.0,0.0,0.0,0.8996627436443587,0.0056275102423232444,0.8932946163199442,0.9060308709687732,0.10685400116312686,0.0033444233736499235,0.10306942984240758,0.11063857248384615,0.0961309845957729,0.0029855343927372643,0.09275253438854228,0.09950943480300353
monitoring,soft,10000,0.8,3,2.471833333333333,0.2645894618712797,2.172422171142535,2.7712444955241313,0.1571,0.09069382558917667,0.054470274949213665,0.2597297250507863,0.0,0.0,0.0,0.0,0.849239999702772,0.09012509329193955,0.7472538558320028,0.9512261435735412,0.15863456368274279,0.09080151256171037,0.05588297935089859,0.261386148014587,0.12926566226337688,0.05811141559727366,0.0635064050447476,0.19502491948200618
monitoring,soft,10000,1.0,3,4.270666666666667,0.3414155581301669,3.88431859245839,4.657014740874944,0.6541333333333333,0.06828311162603334,0.576863718491678,0.7314029481749887,0.0,0.0,0.0,0.0,,,,,0.6541333333333333,0.06828311162603334,0.576863718491678,0.7314029481749887,,,,
truth_reward,constrained,10000,0.0,3,6.0,0.0,6.0,6.0,0.0,0.0,0.0,0.0,0.0,0.0,0.0,0.0,,,,,,,,,,,,
truth_reward,constrained,10000,0.2,3,4.9895000000000005,0.024894778569008857,4.961328906067863,5.017671093932138,0.0,0.0,0.0,0.0,0.0,0.0,0.0,0.0,,,,,,,,,,,,
truth_reward,constrained,10000,0.4,3,3.9691666666666667,0.017039170558842662,3.949885030037192,3.9884483032961415,0.0,0.0,0.0,0.0,0.0,0.0,0.0,0.0,,,,,,,,,,,,
truth_reward,constrained,10000,0.6,3,2.983833333333333,0.014250730975403894,2.9677071131383284,2.999959553528338,0.0,0.0,0.0,0.0,0.0,0.0,0.0,0.0,,,,,,,,,,,,
truth_reward,constrained,10000,0.8,3,1.9905,0.010259142264341575,1.9788906876459742,2.0021093123540257,0.0,0.0,0.0,0.0,0.0,0.0,0.0,0.0,,,,,,,,,,,,
truth_reward,constrained,10000,1.0,3,1.0,0.0,1.0,1.0,0.0,0.0,0.0,0.0,0.0,0.0,0.0,0.0,,,,,,,,,,,,
truth_reward,reward,10000,0.0,3,5.477499999999999,0.01352774925846877,5.462191910635222,5.492808089364776,0.0,0.0,0.0,0.0,0.1045,0.002705549851693738,0.10143838212704459,0.1075616178729554,,,,,,,,,,,,
truth_reward,reward,10000,0.2,3,4.635166666666667,0.08707659463560434,4.5366302237748215,4.733703109558512,0.0,0.0,0.0,0.0,0.11753333333333334,0.019410392405444392,0.09556840658382855,0.13949826008283814,,,,,,,,,,,,
truth_reward,reward,10000,0.4,3,3.731333333333333,0.04990574449232593,3.674859667100497,3.787806999566169,0.0,0.0,0.0,0.0,0.2402333333333333,0.04308808806774018,0.19147457161357215,0.2889920950530944,,,,,,,,,,,,
truth_reward,reward,10000,0.6,3,3.750666666666666,0.013967223537028789,3.734861265339553,3.7664720679937793,0.0,0.0,0.0,0.0,0.7395,0.03598180095548302,0.6987827591635518,0.7802172408364483,,,,,,,,,,,,
truth_reward,reward,10000,0.8,3,4.566,0.13393188567327768,4.414441803916779,4.71755819608322,0.0,0.0,0.0,0.0,0.8540333333333333,0.037406594783986016,0.8117037865000503,0.8963628801666164,,,,,,,,,,,,
truth_reward,reward,10000,1.0,3,5.470666666666666,0.010004165798972847,5.459345887345239,5.481987445988094,0.0,0.0,0.0,0.0,0.8941333333333333,0.002000833159794524,0.8918691774690479,0.8963974891976187,,,,,,,,,,,,
truth_reward,soft,10000,0.0,3,5.479333333333333,0.015542951242712206,5.4617448282487295,5.496921838417936,0.0,0.0,0.0,0.0,0.10413333333333334,0.0031085902485424683,0.10061563231641271,0.10765103435025397,,,,,,,,,,,,
truth_reward,soft,10000,0.2,3,4.683833333333333,0.013805192259919212,4.6682112876570745,4.699455379009592,0.0,0.0,0.0,0.0,0.10413333333333334,0.0031085902485424683,0.10061563231641271,0.10765103435025397,,,,,,,,,,,,
truth_reward,soft,10000,0.4,3,3.8801666666666663,0.00689806736219158,3.8723607686117054,3.8879725647216272,0.0,0.0,0.0,0.0,0.10413333333333334,0.0031085902485424683,0.10061563231641271,0.10765103435025397,,,,,,,,,,,,
truth_reward,soft,10000,0.6,3,3.1008333333333336,0.011514483632943938,3.0878034684922167,3.1138631981744505,0.0,0.0,0.0,0.0,0.10413333333333334,0.0031085902485424683,0.10061563231641271,0.10765103435025397,,,,,,,,,,,,
truth_reward,soft,10000,0.8,3,2.4363333333333332,0.11425446745459596,2.307042232152918,2.5656244345137487,0.0,0.0,0.0,0.0,0.14483333333333334,0.038603799467582633,0.10114902186520505,0.18851764480146163,,,,,,,,,,,,
truth_reward,soft,10000,1.0,3,4.399666666666667,0.6019145149714644,3.7185362724607476,5.080797060872586,0.0,0.0,0.0,0.0,0.6799333333333334,0.1203829029942929,0.5437072544921495,0.8161594121745173,,,,,,,,,,,,
