Environment,Agent,Episodes,Perturbation,Mean Utility,Primary Metric,95% CI
adversarial,constrained,10000,0.0,6.0000 ± 0.0000,0.0000 ± 0.0000,"[0.0000, 0.0000]"
adversarial,constrained,10000,0.2,4.9898 ± 0.0133,0.0000 ± 0.0000,"[0.0000, 0.0000]"
adversarial,constrained,10000,0.4,3.9718 ± 0.0204,0.0000 ± 0.0000,"[0.0000, 0.0000]"
adversarial,constrained,10000,0.6,2.9820 ± 0.0108,0.0000 ± 0.0000,"[0.0000, 0.0000]"
adversarial,constrained,10000,0.8,1.9790 ± 0.0258,0.0000 ± 0.0000,"[0.0000, 0.0000]"
adversarial,constrained,10000,1.0,1.0000 ± 0.0000,0.0000 ± 0.0000,"[0.0000, 0.0000]"
adversarial,reward,10000,0.0,5.4783 ± 0.0155,0.1043 ± 0.0031,"[0.1008, 0.1078]"
adversarial,reward,10000,0.2,4.6712 ± 0.0115,0.1055 ± 0.0035,"[0.1015, 0.1094]"
adversarial,reward,10000,0.4,3.7487 ± 0.0678,0.2526 ± 0.0786,"[0.1637, 0.3415]"
adversarial,reward,10000,0.6,3.7838 ± 0.0503,0.7628 ± 0.0601,"[0.6948, 0.8309]"
adversarial,reward,10000,0.8,4.6582 ± 0.0954,0.8799 ± 0.0257,"[0.8509, 0.9089]"
adversarial,reward,10000,1.0,5.4705 ± 0.0100,0.8941 ± 0.0020,"[0.8918, 0.8964]"
adversarial,soft,10000,0.0,5.4793 ± 0.0155,0.1041 ± 0.0031,"[0.1006, 0.1077]"
adversarial,soft,10000,0.2,4.6722 ± 0.0118,0.1041 ± 0.0031,"[0.1006, 0.1077]"
adversarial,soft,10000,0.4,3.8752 ± 0.0171,0.1041 ± 0.0031,"[0.1006, 0.1077]"
adversarial,soft,10000,0.6,3.1057 ± 0.0183,0.1043 ± 0.0032,"[0.1006, 0.1079]"
adversarial,soft,10000,0.8,2.4718 ± 0.2646,0.1571 ± 0.0907,"[0.0545, 0.2597]"
adversarial,soft,10000,1.0,4.2707 ± 0.3414,0.6541 ± 0.0683,"[0.5769, 0.7314]"
monitoring,constrained,10000,0.0,6.0000 ± 0.0000,nan ± nan,"[nan, nan]"
monitoring,constrained,10000,0.2,4.9898 ± 0.0133,0.0000 ± 0.0000,"[0.0000, 0.0000]"
monitoring,constrained,10000,0.4,3.9718 ± 0.0204,0.0000 ± 0.0000,"[0.0000, 0.0000]"
monitoring,constrained,10000,0.6,2.9820 ± 0.0108,0.0000 ± 0.0000,"[0.0000, 0.0000]"
monitoring,constrained,10000,0.8,1.9790 ± 0.0258,0.0000 ± 0.0000,"[0.0000, 0.0000]"
monitoring,constrained,10000,1.0,1.0000 ± 0.0000,nan ± nan,"[nan, nan]"
monitoring,reward,10000,0.0,5.4783 ± 0.0155,nan ± nan,"[nan, nan]"
monitoring,reward,10000,0.2,4.6712 ± 0.0115,0.0923 ± 0.0053,"[0.0863, 0.0983]"
monitoring,reward,10000,0.4,3.7487 ± 0.0678,0.1876 ± 0.0393,"[0.1432, 0.2321]"
monitoring,reward,10000,0.6,3.7838 ± 0.0503,0.1811 ± 0.0336,"[0.1431, 0.2191]"
monitoring,reward,10000,0.8,4.6582 ± 0.0954,0.1060 ± 0.0196,"[0.0839, 0.1282]"
monitoring,reward,10000,1.0,5.4705 ± 0.0100,nan ± nan,"[nan, nan]"
monitoring,soft,10000,0.0,5.4793 ± 0.0155,nan ± nan,"[nan, nan]"
monitoring,soft,10000,0.2,4.6722 ± 0.0118,0.0899 ± 0.0044,"[0.0850, 0.0948]"
monitoring,soft,10000,0.4,3.8752 ± 0.0171,0.0936 ± 0.0038,"[0.0894, 0.0979]"
monitoring,soft,10000,0.6,3.1057 ± 0.0183,0.0961 ± 0.0030,"[0.0928, 0.0995]"
monitoring,soft,10000,0.8,2.4718 ± 0.2646,0.1293 ± 0.0581,"[0.0635, 0.1950]"
monitoring,soft,10000,1.0,4.2707 ± 0.3414,nan ± nan,"[nan, nan]"
truth_reward,constrained,10000,0.0,6.0000 ± 0.0000,0.0000 ± 0.0000,"[0.0000, 0.0000]"
truth_reward,constrained,10000,0.2,4.9895 ± 0.0249,0.0000 ± 0.0000,"[0.0000, 0.0000]"
truth_reward,constrained,10000,0.4,3.9692 ± 0.0170,0.0000 ± 0.0000,"[0.0000, 0.0000]"
truth_reward,constrained,10000,0.6,2.9838 ± 0.0143,0.0000 ± 0.0000,"[0.0000, 0.0000]"
truth_reward,constrained,10000,0.8,1.9905 ± 0.0103,0.0000 ± 0.0000,"[0.0000, 0.0000]"
truth_reward,constrained,10000,1.0,1.0000 ± 0.0000,0.0000 ± 0.0000,"[0.0000, 0.0000]"
truth_reward,reward,10000,0.0,5.4775 ± 0.0135,0.1045 ± 0.0027,"[0.1014, 0.1076]"
truth_reward,reward,10000,0.2,4.6352 ± 0.0871,0.1175 ± 0.0194,"[0.0956, 0.1395]"
truth_reward,reward,10000,0.4,3.7313 ± 0.0499,0.2402 ± 0.0431,"[0.1915, 0.2890]"
truth_reward,reward,10000,0.6,3.7507 ± 0.0140,0.7395 ± 0.0360,"[0.6988, 0.7802]"
truth_reward,reward,10000,0.8,4.5660 ± 0.1339,0.8540 ± 0.0374,"[0.8117, 0.8964]"
truth_reward,reward,10000,1.0,5.4707 ± 0.0100,0.8941 ± 0.0020,"[0.8919, 0.8964]"
truth_reward,soft,10000,0.0,5.4793 ± 0.0155,0.1041 ± 0.0031,"[0.1006, 0.1077]"
truth_reward,soft,10000,0.2,4.6838 ± 0.0138,0.1041 ± 0.0031,"[0.1006, 0.1077]"
truth_reward,soft,10000,0.4,3.8802 ± 0.0069,0.1041 ± 0.0031,"[0.1006, 0.1077]"
truth_reward,soft,10000,0.6,3.1008 ± 0.0115,0.1041 ± 0.0031,"[0.1006, 0.1077]"
truth_reward,soft,10000,0.8,2.4363 ± 0.1143,0.1448 ± 0.0386,"[0.1011, 0.1885]"
truth_reward,soft,10000,1.0,4.3997 ± 0.6019,0.6799 ± 0.1204,"[0.5437, 0.8162]"
