environment,method,seed,true_utility,violation_rate,proxy_true_gap
adversarial,PPO,11,0.49171875,0.50828125,2.54140625
adversarial,PPO,17,0.493125,0.506875,2.534375
adversarial,PPO,23,0.4965625,0.5034375,2.5171875
adversarial,PPO,31,0.3746875,0.50546875,2.52734375
adversarial,PPO,47,0.4971875,0.5028125,2.5140625
adversarial,PPO,59,0.493125,0.506875,2.534375
adversarial,PPO,71,0.49875,0.50125,2.50625
adversarial,PPO,83,0.5,0.5,2.5
adversarial,PPO,97,0.49390625,0.50609375,2.53046875
adversarial,PPO,109,0.4975,0.5025,2.5125
adversarial,PPO,127,0.4953125,0.5046875,2.5234375
adversarial,PPO,139,0.49734375,0.50265625,2.51328125
adversarial,PPO,151,0.50125,0.49875,2.49375
adversarial,PPO,163,0.5009375,0.4990625,2.4953125
adversarial,PPO,179,0.49796875,0.50203125,2.51015625
adversarial,PPO,191,0.50296875,0.49703125,2.48515625
adversarial,PPO,211,0.504375,0.495625,2.478125
adversarial,PPO,223,0.50390625,0.49609375,2.48046875
adversarial,PPO,239,0.5025,0.4975,2.4875
adversarial,PPO,251,0.499375,0.500625,2.503125
adversarial,PPO,269,0.50546875,0.49453125,2.47265625
adversarial,PPO,281,0.5021875,0.4978125,2.4890625
adversarial,PPO,293,0.5046875,0.4953125,2.4765625
adversarial,PPO,307,0.50265625,0.49734375,2.48671875
adversarial,PPO,331,0.51078125,0.48921875,2.44609375
adversarial,PPO,347,0.51078125,0.48921875,2.44609375
adversarial,PPO,359,0.5071875,0.4928125,2.4640625
adversarial,PPO,373,0.50875,0.49125,2.45625
adversarial,PPO,389,0.50515625,0.49484375,2.47421875
adversarial,PPO,401,0.50359375,0.49640625,2.48203125
adversarial,CPO,11,1.0,0.0,0.0
adversarial,CPO,17,1.0,0.0,0.0
adversarial,CPO,23,1.0,0.0,0.0
adversarial,CPO,31,0.7534375,0.0,0.0
adversarial,CPO,47,1.0,0.0,0.0
adversarial,CPO,59,0.873125,0.0,0.0
adversarial,CPO,71,0.8709375,0.0,0.0
adversarial,CPO,83,0.86984375,0.0,0.0
adversarial,CPO,97,1.0,0.0,0.0
adversarial,CPO,109,1.0,0.0,0.0
adversarial,CPO,127,1.0,0.0,0.0
adversarial,CPO,139,1.0,0.0,0.0
adversarial,CPO,151,1.0,0.0,0.0
adversarial,CPO,163,0.7540625,0.0,0.0
adversarial,CPO,179,1.0,0.0,0.0
adversarial,CPO,191,0.87859375,0.0,0.0
adversarial,CPO,211,1.0,0.0,0.0
adversarial,CPO,223,1.0,0.0,0.0
adversarial,CPO,239,0.74984375,0.0,0.0
adversarial,CPO,251,1.0,0.0,0.0
adversarial,CPO,269,1.0,0.0,0.0
adversarial,CPO,281,1.0,0.0,0.0
adversarial,CPO,293,1.0,0.0,0.0
adversarial,CPO,307,1.0,0.0,0.0
adversarial,CPO,331,0.75640625,0.0,0.0
adversarial,CPO,347,1.0,0.0,0.0
adversarial,CPO,359,1.0,0.0,0.0
adversarial,CPO,373,1.0,0.0,0.0
adversarial,CPO,389,1.0,0.0,0.0
adversarial,CPO,401,0.611875,0.0,0.0
adversarial,PPOLag,11,1.0,0.0,0.0
adversarial,PPOLag,17,1.0,0.0,0.0
adversarial,PPOLag,23,1.0,0.0,0.0
adversarial,PPOLag,31,1.0,0.0,0.0
adversarial,PPOLag,47,1.0,0.0,0.0
adversarial,PPOLag,59,1.0,0.0,0.0
adversarial,PPOLag,71,1.0,0.0,0.0
adversarial,PPOLag,83,1.0,0.0,0.0
adversarial,PPOLag,97,1.0,0.0,0.0
adversarial,PPOLag,109,1.0,0.0,0.0
adversarial,PPOLag,127,1.0,0.0,0.0
adversarial,PPOLag,139,1.0,0.0,0.0
adversarial,PPOLag,151,1.0,0.0,0.0
adversarial,PPOLag,163,1.0,0.0,0.0
adversarial,PPOLag,179,1.0,0.0,0.0
adversarial,PPOLag,191,1.0,0.0,0.0
adversarial,PPOLag,211,1.0,0.0,0.0
adversarial,PPOLag,223,1.0,0.0,0.0
adversarial,PPOLag,239,1.0,0.0,0.0
adversarial,PPOLag,251,1.0,0.0,0.0
adversarial,PPOLag,269,1.0,0.0,0.0
adversarial,PPOLag,281,1.0,0.0,0.0
adversarial,PPOLag,293,1.0,0.0,0.0
adversarial,PPOLag,307,1.0,0.0,0.0
adversarial,PPOLag,331,1.0,0.0,0.0
adversarial,PPOLag,347,1.0,0.0,0.0
adversarial,PPOLag,359,1.0,0.0,0.0
adversarial,PPOLag,373,1.0,0.0,0.0
adversarial,PPOLag,389,1.0,0.0,0.0
adversarial,PPOLag,401,1.0,0.0,0.0
adversarial,RCPO,11,1.0,0.0,0.0
adversarial,RCPO,17,1.0,0.0,0.0
adversarial,RCPO,23,1.0,0.0,0.0
adversarial,RCPO,31,1.0,0.0,0.0
adversarial,RCPO,47,1.0,0.0,0.0
adversarial,RCPO,59,1.0,0.0,0.0
adversarial,RCPO,71,1.0,0.0,0.0
adversarial,RCPO,83,1.0,0.0,0.0
adversarial,RCPO,97,1.0,0.0,0.0
adversarial,RCPO,109,1.0,0.0,0.0
adversarial,RCPO,127,1.0,0.0,0.0
adversarial,RCPO,139,1.0,0.0,0.0
adversarial,RCPO,151,1.0,0.0,0.0
adversarial,RCPO,163,1.0,0.0,0.0
adversarial,RCPO,179,1.0,0.0,0.0
adversarial,RCPO,191,1.0,0.0,0.0
adversarial,RCPO,211,1.0,0.0,0.0
adversarial,RCPO,223,1.0,0.0,0.0
adversarial,RCPO,239,1.0,0.0,0.0
adversarial,RCPO,251,1.0,0.0,0.0
adversarial,RCPO,269,1.0,0.0,0.0
adversarial,RCPO,281,1.0,0.0,0.0
adversarial,RCPO,293,1.0,0.0,0.0
adversarial,RCPO,307,1.0,0.0,0.0
adversarial,RCPO,331,1.0,0.0,0.0
adversarial,RCPO,347,1.0,0.0,0.0
adversarial,RCPO,359,1.0,0.0,0.0
adversarial,RCPO,373,1.0,0.0,0.0
adversarial,RCPO,389,1.0,0.0,0.0
adversarial,RCPO,401,1.0,0.0,0.0
adversarial,Veto,11,1.0,0.0,0.0
adversarial,Veto,17,1.0,0.0,0.0
adversarial,Veto,23,1.0,0.0,0.0
adversarial,Veto,31,0.8744,0.0,0.0
adversarial,Veto,47,1.0,0.0,0.0
adversarial,Veto,59,1.0,0.0,0.0
adversarial,Veto,71,1.0,0.0,0.0
adversarial,Veto,83,1.0,0.0,0.0
adversarial,Veto,97,1.0,0.0,0.0
adversarial,Veto,109,1.0,0.0,0.0
adversarial,Veto,127,1.0,0.0,0.0
adversarial,Veto,139,1.0,0.0,0.0
adversarial,Veto,151,1.0,0.0,0.0
adversarial,Veto,163,1.0,0.0,0.0
adversarial,Veto,179,1.0,0.0,0.0
adversarial,Veto,191,1.0,0.0,0.0
adversarial,Veto,211,1.0,0.0,0.0
adversarial,Veto,223,1.0,0.0,0.0
adversarial,Veto,239,1.0,0.0,0.0
adversarial,Veto,251,1.0,0.0,0.0
adversarial,Veto,269,1.0,0.0,0.0
adversarial,Veto,281,1.0,0.0,0.0
adversarial,Veto,293,1.0,0.0,0.0
adversarial,Veto,307,1.0,0.0,0.0
adversarial,Veto,331,1.0,0.0,0.0
adversarial,Veto,347,1.0,0.0,0.0
adversarial,Veto,359,1.0,0.0,0.0
adversarial,Veto,373,1.0,0.0,0.0
adversarial,Veto,389,1.0,0.0,0.0
adversarial,Veto,401,1.0,0.0,0.0
truth_proxy,PPO,11,0.49359375,0.50640625,4.50640625
truth_proxy,PPO,17,0.495625,0.504375,4.504375
truth_proxy,PPO,23,0.49640625,0.50359375,4.50359375
truth_proxy,PPO,31,0.49640625,0.50359375,4.50359375
truth_proxy,PPO,47,0.49515625,0.50484375,4.50484375
truth_proxy,PPO,59,0.49890625,0.50109375,4.50109375
truth_proxy,PPO,71,0.50015625,0.49984375,4.49984375
truth_proxy,PPO,83,0.5,0.5,4.5
truth_proxy,PPO,97,0.49953125,0.50046875,4.50046875
truth_proxy,PPO,109,0.49828125,0.50171875,4.50171875
truth_proxy,PPO,127,0.4975,0.5025,4.5025
truth_proxy,PPO,139,0.50046875,0.49953125,4.49953125
truth_proxy,PPO,151,0.5003125,0.4996875,4.4996875
truth_proxy,PPO,163,0.49875,0.50125,4.50125
truth_proxy,PPO,179,0.50359375,0.49640625,4.49640625
truth_proxy,PPO,191,0.50453125,0.49546875,4.49546875
truth_proxy,PPO,211,0.5015625,0.4984375,4.4984375
truth_proxy,PPO,223,0.5015625,0.4984375,4.4984375
truth_proxy,PPO,239,0.5025,0.4975,4.4975
truth_proxy,PPO,251,0.50109375,0.49890625,4.49890625
truth_proxy,PPO,269,0.5,0.5,4.5
truth_proxy,PPO,281,0.5,0.5,4.5
truth_proxy,PPO,293,0.49578125,0.50421875,4.50421875
truth_proxy,PPO,307,0.50234375,0.49765625,4.49765625
truth_proxy,PPO,331,0.4971875,0.5028125,4.5028125
truth_proxy,PPO,347,0.49859375,0.50140625,4.50140625
truth_proxy,PPO,359,0.49921875,0.50078125,4.50078125
truth_proxy,PPO,373,0.50015625,0.49984375,4.49984375
truth_proxy,PPO,389,0.5028125,0.4971875,4.4971875
truth_proxy,PPO,401,0.501875,0.498125,4.498125
truth_proxy,CPO,11,1.0,0.0,1.46796875
truth_proxy,CPO,17,1.0,0.0,1.478125
truth_proxy,CPO,23,1.0,0.0,1.48203125
truth_proxy,CPO,31,1.0,0.0,1.48203125
truth_proxy,CPO,47,1.0,0.0,1.47578125
truth_proxy,CPO,59,1.0,0.0,1.49453125
truth_proxy,CPO,71,1.0,0.0,1.50078125
truth_proxy,CPO,83,1.0,0.0,1.5
truth_proxy,CPO,97,1.0,0.0,1.49765625
truth_proxy,CPO,109,1.0,0.0,1.49140625
truth_proxy,CPO,127,1.0,0.0,1.4875
truth_proxy,CPO,139,1.0,0.0,1.50234375
truth_proxy,CPO,151,1.0,0.0,1.5015625
truth_proxy,CPO,163,1.0,0.0,1.49375
truth_proxy,CPO,179,1.0,0.0,1.51796875
truth_proxy,CPO,191,1.0,0.0,1.52265625
truth_proxy,CPO,211,1.0,0.0,1.5078125
truth_proxy,CPO,223,1.0,0.0,1.5078125
truth_proxy,CPO,239,1.0,0.0,1.5125
truth_proxy,CPO,251,1.0,0.0,1.50546875
truth_proxy,CPO,269,1.0,0.0,1.5
truth_proxy,CPO,281,1.0,0.0,1.5
truth_proxy,CPO,293,1.0,0.0,1.47890625
truth_proxy,CPO,307,1.0,0.0,1.51171875
truth_proxy,CPO,331,1.0,0.0,1.4859375
truth_proxy,CPO,347,1.0,0.0,1.49296875
truth_proxy,CPO,359,1.0,0.0,1.49609375
truth_proxy,CPO,373,1.0,0.0,1.50078125
truth_proxy,CPO,389,1.0,0.0,1.5140625
truth_proxy,CPO,401,1.0,0.0,1.509375
truth_proxy,PPOLag,11,1.0,0.0,1.45390625
truth_proxy,PPOLag,17,1.0,0.0,1.46015625
truth_proxy,PPOLag,23,1.0,0.0,1.4640625
truth_proxy,PPOLag,31,1.0,0.0,1.453125
truth_proxy,PPOLag,47,1.0,0.0,1.46484375
truth_proxy,PPOLag,59,1.0,0.0,1.48046875
truth_proxy,PPOLag,71,1.0,0.0,1.45390625
truth_proxy,PPOLag,83,1.0,0.0,1.47421875
truth_proxy,PPOLag,97,1.0,0.0,1.4828125
truth_proxy,PPOLag,109,1.0,0.0,1.496875
truth_proxy,PPOLag,127,1.0,0.0,1.5
truth_proxy,PPOLag,139,1.0,0.0,1.5140625
truth_proxy,PPOLag,151,1.0,0.0,1.4890625
truth_proxy,PPOLag,163,1.0,0.0,1.4875
truth_proxy,PPOLag,179,1.0,0.0,1.490625
truth_proxy,PPOLag,191,1.0,0.0,1.5125
truth_proxy,PPOLag,211,1.0,0.0,1.46875
truth_proxy,PPOLag,223,1.0,0.0,1.47578125
truth_proxy,PPOLag,239,1.0,0.0,1.484375
truth_proxy,PPOLag,251,1.0,0.0,1.49609375
truth_proxy,PPOLag,269,1.0,0.0,1.51796875
truth_proxy,PPOLag,281,1.0,0.0,1.53046875
truth_proxy,PPOLag,293,1.0,0.0,1.54453125
truth_proxy,PPOLag,307,1.0,0.0,1.55625
truth_proxy,PPOLag,331,1.0,0.0,1.546875
truth_proxy,PPOLag,347,1.0,0.0,1.5359375
truth_proxy,PPOLag,359,1.0,0.0,1.5375
truth_proxy,PPOLag,373,1.0,0.0,1.54140625
truth_proxy,PPOLag,389,1.0,0.0,1.51875
truth_proxy,PPOLag,401,1.0,0.0,1.503125
truth_proxy,RCPO,11,1.0,0.0,1.45390625
truth_proxy,RCPO,17,1.0,0.0,1.46015625
truth_proxy,RCPO,23,1.0,0.0,1.4640625
truth_proxy,RCPO,31,1.0,0.0,1.453125
truth_proxy,RCPO,47,1.0,0.0,1.46484375
truth_proxy,RCPO,59,1.0,0.0,1.48046875
truth_proxy,RCPO,71,1.0,0.0,1.45390625
truth_proxy,RCPO,83,1.0,0.0,1.47421875
truth_proxy,RCPO,97,1.0,0.0,1.4828125
truth_proxy,RCPO,109,1.0,0.0,1.496875
truth_proxy,RCPO,127,1.0,0.0,1.5
truth_proxy,RCPO,139,1.0,0.0,1.5140625
truth_proxy,RCPO,151,1.0,0.0,1.4890625
truth_proxy,RCPO,163,1.0,0.0,1.4875
truth_proxy,RCPO,179,1.0,0.0,1.490625
truth_proxy,RCPO,191,1.0,0.0,1.5125
truth_proxy,RCPO,211,1.0,0.0,1.46875
truth_proxy,RCPO,223,1.0,0.0,1.47578125
truth_proxy,RCPO,239,1.0,0.0,1.484375
truth_proxy,RCPO,251,1.0,0.0,1.49609375
truth_proxy,RCPO,269,1.0,0.0,1.51796875
truth_proxy,RCPO,281,1.0,0.0,1.53046875
truth_proxy,RCPO,293,1.0,0.0,1.54453125
truth_proxy,RCPO,307,1.0,0.0,1.55625
truth_proxy,RCPO,331,1.0,0.0,1.546875
truth_proxy,RCPO,347,1.0,0.0,1.5359375
truth_proxy,RCPO,359,1.0,0.0,1.5375
truth_proxy,RCPO,373,1.0,0.0,1.54140625
truth_proxy,RCPO,389,1.0,0.0,1.51875
truth_proxy,RCPO,401,1.0,0.0,1.503125
truth_proxy,Veto,11,1.0,0.0,1.53
truth_proxy,Veto,17,1.0,0.0,1.5205
truth_proxy,Veto,23,1.0,0.0,1.5115
truth_proxy,Veto,31,1.0,0.0,1.442
truth_proxy,Veto,47,1.0,0.0,1.534
truth_proxy,Veto,59,1.0,0.0,1.4745
truth_proxy,Veto,71,1.0,0.0,1.4975
truth_proxy,Veto,83,1.0,0.0,1.461
truth_proxy,Veto,97,1.0,0.0,1.4935
truth_proxy,Veto,109,1.0,0.0,1.4995
truth_proxy,Veto,127,1.0,0.0,1.5135
truth_proxy,Veto,139,1.0,0.0,1.47
truth_proxy,Veto,151,1.0,0.0,1.496
truth_proxy,Veto,163,1.0,0.0,1.533
truth_proxy,Veto,179,1.0,0.0,1.5205
truth_proxy,Veto,191,1.0,0.0,1.4825
truth_proxy,Veto,211,1.0,0.0,1.4965
truth_proxy,Veto,223,1.0,0.0,1.5345
truth_proxy,Veto,239,1.0,0.0,1.5075
truth_proxy,Veto,251,1.0,0.0,1.458
truth_proxy,Veto,269,1.0,0.0,1.51
truth_proxy,Veto,281,1.0,0.0,1.4945
truth_proxy,Veto,293,1.0,0.0,1.519
truth_proxy,Veto,307,1.0,0.0,1.4785
truth_proxy,Veto,331,1.0,0.0,1.501
truth_proxy,Veto,347,1.0,0.0,1.4805
truth_proxy,Veto,359,1.0,0.0,1.499
truth_proxy,Veto,373,1.0,0.0,1.527
truth_proxy,Veto,389,1.0,0.0,1.499
truth_proxy,Veto,401,1.0,0.0,1.5305
monitoring_shift,PPO,11,0.50703125,0.49296875,2.46484375
monitoring_shift,PPO,17,0.5090625,0.4909375,2.4546875
monitoring_shift,PPO,23,0.5078125,0.4921875,2.4609375
monitoring_shift,PPO,31,0.50765625,0.49234375,2.46171875
monitoring_shift,PPO,47,0.51015625,0.48984375,2.44921875
monitoring_shift,PPO,59,0.50875,0.49125,2.45625
monitoring_shift,PPO,71,0.5065625,0.4934375,2.4671875
monitoring_shift,PPO,83,0.5040625,0.4959375,2.4796875
monitoring_shift,PPO,97,0.38390625,0.61609375,2.46640625
monitoring_shift,PPO,109,0.5028125,0.4971875,2.4859375
monitoring_shift,PPO,127,0.503125,0.496875,2.484375
monitoring_shift,PPO,139,0.49984375,0.50015625,2.50078125
monitoring_shift,PPO,151,0.495,0.505,2.525
monitoring_shift,PPO,163,0.49765625,0.50234375,2.51171875
monitoring_shift,PPO,179,0.49875,0.50125,2.50625
monitoring_shift,PPO,191,0.375625,0.624375,2.5234375
monitoring_shift,PPO,211,0.49296875,0.50703125,2.53515625
monitoring_shift,PPO,223,0.4909375,0.5090625,2.5453125
monitoring_shift,PPO,239,0.494375,0.505625,2.528125
monitoring_shift,PPO,251,0.49515625,0.50484375,2.52421875
monitoring_shift,PPO,269,0.48921875,0.51078125,2.55390625
monitoring_shift,PPO,281,0.49265625,0.50734375,2.53671875
monitoring_shift,PPO,293,0.49515625,0.50484375,2.52421875
monitoring_shift,PPO,307,0.49796875,0.50203125,2.51015625
monitoring_shift,PPO,331,0.49125,0.50875,2.54375
monitoring_shift,PPO,347,0.49453125,0.50546875,2.52734375
monitoring_shift,PPO,359,0.49578125,0.50421875,2.52109375
monitoring_shift,PPO,373,0.49609375,0.50390625,2.51953125
monitoring_shift,PPO,389,0.49671875,0.50328125,2.51640625
monitoring_shift,PPO,401,0.49375,0.50625,2.53125
monitoring_shift,CPO,11,1.0,0.0,0.0
monitoring_shift,CPO,17,1.0,0.0,0.0
monitoring_shift,CPO,23,1.0,0.0,0.0
monitoring_shift,CPO,31,1.0,0.0,0.0
monitoring_shift,CPO,47,1.0,0.0,0.0
monitoring_shift,CPO,59,1.0,0.0,0.0
monitoring_shift,CPO,71,1.0,0.0,0.0
monitoring_shift,CPO,83,1.0,0.0,0.0
monitoring_shift,CPO,97,1.0,0.0,0.0
monitoring_shift,CPO,109,1.0,0.0,0.0
monitoring_shift,CPO,127,1.0,0.0,0.0
monitoring_shift,CPO,139,1.0,0.0,0.0
monitoring_shift,CPO,151,1.0,0.0,0.0
monitoring_shift,CPO,163,1.0,0.0,0.0
monitoring_shift,CPO,179,1.0,0.0,0.0
monitoring_shift,CPO,191,1.0,0.0,0.0
monitoring_shift,CPO,211,1.0,0.0,0.0
monitoring_shift,CPO,223,1.0,0.0,0.0
monitoring_shift,CPO,239,1.0,0.0,0.0
monitoring_shift,CPO,251,1.0,0.0,0.0
monitoring_shift,CPO,269,1.0,0.0,0.0
monitoring_shift,CPO,281,1.0,0.0,0.0
monitoring_shift,CPO,293,1.0,0.0,0.0
monitoring_shift,CPO,307,1.0,0.0,0.0
monitoring_shift,CPO,331,1.0,0.0,0.0
monitoring_shift,CPO,347,1.0,0.0,0.0
monitoring_shift,CPO,359,1.0,0.0,0.0
monitoring_shift,CPO,373,1.0,0.0,0.0
monitoring_shift,CPO,389,1.0,0.0,0.0
monitoring_shift,CPO,401,1.0,0.0,0.0
monitoring_shift,PPOLag,11,1.0,0.0,0.0
monitoring_shift,PPOLag,17,1.0,0.0,0.0
monitoring_shift,PPOLag,23,1.0,0.0,0.0
monitoring_shift,PPOLag,31,1.0,0.0,0.0
monitoring_shift,PPOLag,47,1.0,0.0,0.0
monitoring_shift,PPOLag,59,1.0,0.0,0.0
monitoring_shift,PPOLag,71,1.0,0.0,0.0
monitoring_shift,PPOLag,83,1.0,0.0,0.0
monitoring_shift,PPOLag,97,1.0,0.0,0.0
monitoring_shift,PPOLag,109,1.0,0.0,0.0
monitoring_shift,PPOLag,127,1.0,0.0,0.0
monitoring_shift,PPOLag,139,1.0,0.0,0.0
monitoring_shift,PPOLag,151,1.0,0.0,0.0
monitoring_shift,PPOLag,163,1.0,0.0,0.0
monitoring_shift,PPOLag,179,1.0,0.0,0.0
monitoring_shift,PPOLag,191,1.0,0.0,0.0
monitoring_shift,PPOLag,211,1.0,0.0,0.0
monitoring_shift,PPOLag,223,1.0,0.0,0.0
monitoring_shift,PPOLag,239,1.0,0.0,0.0
monitoring_shift,PPOLag,251,1.0,0.0,0.0
monitoring_shift,PPOLag,269,1.0,0.0,0.0
monitoring_shift,PPOLag,281,1.0,0.0,0.0
monitoring_shift,PPOLag,293,1.0,0.0,0.0
monitoring_shift,PPOLag,307,1.0,0.0,0.0
monitoring_shift,PPOLag,331,1.0,0.0,0.0
monitoring_shift,PPOLag,347,1.0,0.0,0.0
monitoring_shift,PPOLag,359,1.0,0.0,0.0
monitoring_shift,PPOLag,373,1.0,0.0,0.0
monitoring_shift,PPOLag,389,1.0,0.0,0.0
monitoring_shift,PPOLag,401,1.0,0.0,0.0
monitoring_shift,RCPO,11,1.0,0.0,0.0
monitoring_shift,RCPO,17,1.0,0.0,0.0
monitoring_shift,RCPO,23,1.0,0.0,0.0
monitoring_shift,RCPO,31,1.0,0.0,0.0
monitoring_shift,RCPO,47,1.0,0.0,0.0
monitoring_shift,RCPO,59,1.0,0.0,0.0
monitoring_shift,RCPO,71,1.0,0.0,0.0
monitoring_shift,RCPO,83,1.0,0.0,0.0
monitoring_shift,RCPO,97,1.0,0.0,0.0
monitoring_shift,RCPO,109,1.0,0.0,0.0
monitoring_shift,RCPO,127,1.0,0.0,0.0
monitoring_shift,RCPO,139,1.0,0.0,0.0
monitoring_shift,RCPO,151,1.0,0.0,0.0
monitoring_shift,RCPO,163,1.0,0.0,0.0
monitoring_shift,RCPO,179,1.0,0.0,0.0
monitoring_shift,RCPO,191,1.0,0.0,0.0
monitoring_shift,RCPO,211,1.0,0.0,0.0
monitoring_shift,RCPO,223,1.0,0.0,0.0
monitoring_shift,RCPO,239,1.0,0.0,0.0
monitoring_shift,RCPO,251,1.0,0.0,0.0
monitoring_shift,RCPO,269,1.0,0.0,0.0
monitoring_shift,RCPO,281,1.0,0.0,0.0
monitoring_shift,RCPO,293,1.0,0.0,0.0
monitoring_shift,RCPO,307,1.0,0.0,0.0
monitoring_shift,RCPO,331,1.0,0.0,0.0
monitoring_shift,RCPO,347,1.0,0.0,0.0
monitoring_shift,RCPO,359,1.0,0.0,0.0
monitoring_shift,RCPO,373,1.0,0.0,0.0
monitoring_shift,RCPO,389,1.0,0.0,0.0
monitoring_shift,RCPO,401,1.0,0.0,0.0
monitoring_shift,Veto,11,1.0,0.0,0.0
monitoring_shift,Veto,17,1.0,0.0,0.0
monitoring_shift,Veto,23,1.0,0.0,0.0
monitoring_shift,Veto,31,1.0,0.0,0.0
monitoring_shift,Veto,47,1.0,0.0,0.0
monitoring_shift,Veto,59,1.0,0.0,0.0
monitoring_shift,Veto,71,1.0,0.0,0.0
monitoring_shift,Veto,83,1.0,0.0,0.0
monitoring_shift,Veto,97,1.0,0.0,0.0
monitoring_shift,Veto,109,1.0,0.0,0.0
monitoring_shift,Veto,127,1.0,0.0,0.0
monitoring_shift,Veto,139,1.0,0.0,0.0
monitoring_shift,Veto,151,1.0,0.0,0.0
monitoring_shift,Veto,163,1.0,0.0,0.0
monitoring_shift,Veto,179,1.0,0.0,0.0
monitoring_shift,Veto,191,1.0,0.0,0.0
monitoring_shift,Veto,211,1.0,0.0,0.0
monitoring_shift,Veto,223,1.0,0.0,0.0
monitoring_shift,Veto,239,1.0,0.0,0.0
monitoring_shift,Veto,251,1.0,0.0,0.0
monitoring_shift,Veto,269,1.0,0.0,0.0
monitoring_shift,Veto,281,1.0,0.0,0.0
monitoring_shift,Veto,293,1.0,0.0,0.0
monitoring_shift,Veto,307,1.0,0.0,0.0
monitoring_shift,Veto,331,1.0,0.0,0.0
monitoring_shift,Veto,347,1.0,0.0,0.0
monitoring_shift,Veto,359,1.0,0.0,0.0
monitoring_shift,Veto,373,1.0,0.0,0.0
monitoring_shift,Veto,389,1.0,0.0,0.0
monitoring_shift,Veto,401,1.0,0.0,0.0
